{
  "status": "Optimal",
  "coverage_miles": 5.0,
  "p": 5,
  "covered": 11.787908496732026,
  "total": 63.10910535542889,
  "pct": 18.678617658011188
}