{
  "status": "Optimal",
  "coverage_miles": 5.0,
  "p": 5,
  "covered": 13.504918032786884,
  "total": 51.74098360655738,
  "pct": 26.101007540713514
}